,Fear,Surprise,Happy,Sad,Angry
0,0.45544554455445535,0.1386138613861386,0.029702970297029695,0.28712871287128705,0.08910891089108909
