,Fear,Surprise,Angry,Sad,Happy
0,0.14785714285714285,0.4857142857142857,0.08285714285714284,0.08642857142857141,0.1971428571428571
1,,,,,
