,Fear,Surprise,Happy,Sad,Angry
0,0.5,0.0,0.25,0.25,0.0
1,,,,,
2,0.020100502512562814,0.1457286432160804,0.06030150753768844,0.23115577889447236,0.542713567839196
